{
  "_README": "https://gitlab.com/CDAGaming/CraftPresence/-/wikis/home",
  "_SOURCE": "https://gitlab.com/CDAGaming/CraftPresence",
  "_schemaVersion": 6,
  "_lastMCVersionId": 767,
  "generalSettings": {
    "detectATLauncherInstance": true,
    "detectCurseManifest": true,
    "detectMultiMCManifest": true,
    "detectMCUpdaterInstance": true,
    "detectTechnicPack": true,
    "detectModrinthPack": true,
    "detectBiomeData": true,
    "detectDimensionData": true,
    "detectWorldData": true,
    "clientId": "450485984333660181",
    "defaultIcon": "grass",
    "enableJoinRequests": false,
    "partyPrivacyLevel": 1,
    "preferredClientLevel": 3,
    "resetTimeOnInit": false,
    "autoRegister": false
  },
  "biomeSettings": {
    "fallbackBiomeIcon": "unknown",
    "biomeData": {
      "default": {
        "textOverride": "Playing in {biome.name}"
      }
    }
  },
  "dimensionSettings": {
    "fallbackDimensionIcon": "unknown",
    "dimensionData": {
      "default": {
        "textOverride": "In the {dimension.name}"
      }
    }
  },
  "serverSettings": {
    "fallbackServerIcon": "default",
    "fallbackServerName": "Minecraft Server",
    "fallbackServerMotd": "A Minecraft Server",
    "serverData": {
      "default": {
        "textOverride": "Playing on {server.motd.raw}"
      }
    }
  },
  "statusMessages": {
    "mainMenuData": {
      "textOverride": "In the Main Menu"
    },
    "loadingData": {
      "textOverride": "Loading..."
    },
    "lanData": {
      "textOverride": "Playing on a LAN Server"
    },
    "singleplayerData": {
      "textOverride": "Playing Singleplayer"
    },
    "realmData": {
      "textOverride": "Playing on {server.motd.raw}"
    }
  },
  "advancedSettings": {
    "enablePerGui": false,
    "enablePerItem": false,
    "enablePerEntity": false,
    "formatWords": true,
    "debugMode": false,
    "verboseMode": false,
    "refreshRate": 2,
    "allowPlaceholderPreviews": false,
    "guiSettings": {
      "fallbackGuiIcon": "unknown",
      "guiData": {
        "default": {
          "textOverride": "In {screen.name}"
        }
      }
    },
    "itemMessages": {
      "default": "Holding {item.message.holding}"
    },
    "entitySettings": {
      "fallbackEntityIcon": "unknown",
      "targetData": {
        "default": {
          "textOverride": "Targeting {entity.target.name}"
        }
      },
      "ridingData": {
        "default": {
          "textOverride": "Riding {entity.riding.name}"
        }
      }
    },
    "allowEndpointIcons": true,
    "serverIconEndpoint": "https://api.mcsrvstat.us/icon/{server.address.short}",
    "playerSkinEndpoint": "https://mc-heads.net/avatar/{getOrDefault(player.uuid.short, player.name)}",
    "allowDuplicatePackets": false,
    "maxConnectionAttempts": 10,
    "enableClassGraph": false
  },
  "accessibilitySettings": {
    "tooltipBackground": {
      "start": {
        "red": 16,
        "green": 0,
        "blue": 16,
        "alpha": 240
      }
    },
    "tooltipBorder": {
      "start": {
        "red": 80,
        "green": 0,
        "blue": 255,
        "alpha": 80
      },
      "end": {
        "red": 40,
        "green": 0,
        "blue": 127,
        "alpha": 80
      }
    },
    "guiBackground": {
      "start": {
        "red": 255,
        "green": 255,
        "blue": 255,
        "alpha": 255
      },
      "texLocation": "minecraft:textures/gui/menu_background.png"
    },
    "altGuiBackground": {
      "start": {
        "red": 255,
        "green": 255,
        "blue": 255,
        "alpha": 255
      },
      "texLocation": "minecraft:textures/gui/menu_list_background.png"
    },
    "worldGuiBackground": {
      "start": {
        "red": 255,
        "green": 255,
        "blue": 255,
        "alpha": 255
      },
      "texLocation": "minecraft:textures/gui/inworld_menu_background.png"
    },
    "altWorldGuiBackground": {
      "start": {
        "red": 255,
        "green": 255,
        "blue": 255,
        "alpha": 255
      },
      "texLocation": "minecraft:textures/gui/inworld_menu_list_background.png"
    },
    "languageId": "en_us",
    "stripTranslationColors": false,
    "stripTranslationFormatting": false,
    "stripExtraGuiElements": false,
    "renderTooltips": true,
    "configKeyCode": 96
  },
  "displaySettings": {
    "presenceData": {
      "enabled": true,
      "useAsMain": false,
      "details": "{getFirst(menu.message, dimension.message)}",
      "gameState": "{getOrDefault(server.message)} {getOrDefault(pack.name)}",
      "largeImageKey": "{getFirst(menu.icon, dimension.icon)}",
      "largeImageText": "{getFirst(menu.message, dimension.message)}",
      "smallImageKey": "{getFirst(server.icon, pack.icon)}",
      "smallImageText": "{getOrDefault(server.message)} {getOrDefault(pack.name)}",
      "startTimestamp": "{data.general.time}",
      "endTimestamp": "",
      "buttons": {
        "default": {
          "label": "Example Text",
          "url": "https://google.com"
        }
      }
    },
    "dynamicIcons": {
      "default": "https://via.placeholder.com/256.png",
      "K3N_K4N3K1": "https://mc-heads.net/avatar/233a75b379ca428197b137f433182a20",
      "ILoveMyWife4L": "https://mc-heads.net/avatar/233a75b379ca428197b137f433182a20"
    },
    "dynamicVariables": {
      "default": "Example Text",
      "mods": "{general.mods} Mod(s)",
      "player_info_coordinate": "At {player.position.x}, {player.position.z}",
      "players": "{server.players.current} / {server.players.max} Players",
      "player_info_in": "({custom.player_info.health})",
      "player_info_items": "Items: {item.main_hand.message}",
      "player_info_out": "As {player.name}",
      "player_info_health": "Health: {player.health.current}/{player.health.max}",
      "world_info": "On {world.name}",
      "pack": "{pack.name}"
    }
  }
}